{
	"version": 1,
	"changelists": [
		{
			"guid": "00000000000000000000000000000000",
			"description": "Default Uncontrolled Changelist",
			"files": [
				"C:/Users/Aarthi/OneDrive/CS415 Game Development/InfiniteMatrixCompleteProject/InfiniteMatrixComplete/Content/InfiniteMatrix/Blueprints/BP_Enemy.uasset",
				"C:/Users/Aarthi/OneDrive/CS415 Game Development/InfiniteMatrixCompleteProject/InfiniteMatrixComplete/Content/InfiniteMatrix/UI/BP_Healthbar.uasset",
				"C:/Users/Aarthi/OneDrive/CS415 Game Development/InfiniteMatrixCompleteProject/InfiniteMatrixComplete/Content/InfiniteMatrix/Blueprints/BP_HealthPack.uasset",
				"C:/Users/Aarthi/OneDrive/CS415 Game Development/InfiniteMatrixCompleteProject/InfiniteMatrixComplete/Content/InfiniteMatrix/Blueprints/BP_Player.uasset",
				"C:/Users/Aarthi/OneDrive/CS415 Game Development/InfiniteMatrixCompleteProject/InfiniteMatrixComplete/Content/InfiniteMatrix/Blueprints/BP_Projectile.uasset",
				"C:/Users/Aarthi/OneDrive/CS415 Game Development/InfiniteMatrixCompleteProject/InfiniteMatrixComplete/Content/InfiniteMatrix/UI/BP_Score.uasset",
				"C:/Users/Aarthi/OneDrive/CS415 Game Development/InfiniteMatrixCompleteProject/InfiniteMatrixComplete/Content/InfiniteMatrix/Blueprints/BP_Tunnel.uasset",
				"C:/Users/Aarthi/OneDrive/CS415 Game Development/InfiniteMatrixCompleteProject/InfiniteMatrixComplete/Content/InfiniteMatrix/Blueprints/BP_CameraShake.uasset",
				"C:/Users/Aarthi/OneDrive/CS415 Game Development/InfiniteMatrixCompleteProject/InfiniteMatrixComplete/Content/InfiniteMatrix/Blueprints/BP_TunnelSpawner.uasset",
				"C:/Users/Aarthi/OneDrive/CS415 Game Development/InfiniteMatrixCompleteProject/InfiniteMatrixComplete/Content/InfiniteMatrix/Blueprints/BP_Camera.uasset",
				"C:/Program Files/Epic Games/UE_5.4/Engine/Content/BasicShapes/Cube.uasset",
				"C:/Users/Aarthi/OneDrive/CS415 Game Development/InfiniteMatrixCompleteProject/InfiniteMatrixComplete/Content/InfiniteMatrix/Blueprints/CS415_MP1_Complete.uasset"
			]
		}
	]
}